发送部门,标题,链接
国务院,中华人民共和国保守国家秘密法实施条例,https://www.gov.cn/zhengce/content/202407/content_6963933.htm
国务院,中共中央关于进一步全面深化改革68推进中国式现代化的决定,../202407/content_6963772.htm
国务院,国务院办公厅关于印发《“高效办成一件事”2024年度新一批重点事项清单》的通知,https://www.gov.cn/zhengce/content/202407/content_6963543.htm
国务院,国务院关于同意在沈阳等6个城市暂时调整实施有关行政法规和经国务院批准的部门规章规定的批复,https://www.gov.cn/zhengce/content/202407/content_6962582.htm
国务院,国务院办公厅转发中国证监会等部门《关于进一步做好资本市场财务造假综合惩防工作的意见》的通知,https://www.gov.cn/zhengce/content/202407/content_6961454.htm
国务院,国务院办公厅关于印发《政府采购领域“整顿市场秩序、建设法规体系、促进产业发展”三年行动方案（2024―2026年）》的通知,https://www.gov.cn/zhengce/content/202407/content_6961215.htm
国务院,国务院关于实施《中华人民共和国公司法》注册资本登记管理制度的规定,https://www.gov.cn/zhengce/content/202407/content_6960376.htm
国务院,稀土管理条例,https://www.gov.cn/zhengce/content/202406/content_6960152.htm
国务院,中共中央 国务院关于2023年度国家科学技术奖励的决定,../202406/content_6959005.htm
国务院,国务院办公厅印发《促进创业投资高质量发展的若干政策措施》,https://www.gov.cn/zhengce/content/202406/content_6958230.htm
国务院,中办国办印发《关于做好全国民族团结进步模范推荐评选工作的通知》,../202406/content_6957949.htm
国务院,国办转发《教育部直属师范大学本研衔接师范生公费教育实施办法》,https://www.gov.cn/zhengce/content/202406/content_6957260.htm
国务院,公平竞争审查条例,https://www.gov.cn/zhengce/content/202406/content_6957049.htm
国务院,中办印发《全国党政领导班子建设规划纲要（2024－2028年）》,../202406/content_6957064.htm
国务院,国务院办公厅印发《深化医药卫生体制改革2024年重点工作任务》,https://www.gov.cn/zhengce/content/202406/content_6955904.htm
国务院,国务院关于修改《国家科学技术奖励条例》的决定,https://www.gov.cn/zhengce/content/202405/content_6954576.htm
国务院,国务院关于印发《2024―2025年节能降碳行动方案》的通知,https://www.gov.cn/zhengce/content/202405/content_6954322.htm
国务院,国有企业管理人员处分条例,https://www.gov.cn/zhengce/content/202405/content_6954055.htm
国务院,国务院批复同意《新疆维吾尔自治区国土空间规划（2021―2035年）》,https://www.gov.cn/zhengce/content/202405/content_6953211.htm
国务院,中共中央办公厅68国务院办公厅印发《关于加强行政执法协调监督工作体系建设的意见》,../202405/content_6950941.htm
国务院,国务院部门网站,https://www.gov.cn/home/2023-03/29/content_5748953.htm
国务院,地方政府网站,https://www.gov.cn/home/2023-03/29/content_5748954.htm
国务院,驻港澳机构网站,https://www.gov.cn/home/2023-03/29/content_5748955.htm
国务院,驻外机构,https://www.gov.cn/home/2023-03/29/content_5748956.htm
国务院,关于本网,https://www.gov.cn/home/2016-05/11/content_5046257.htm
国务院,网站声明,https://www.gov.cn/home/2014-02/23/content_5046258.htm
国务院,联系我们,https://www.gov.cn/home/2014-02/23/content_5046259.htm
国务院,,https://www.gov.cn/home/2014-02/18/content_5046260.htm
国务院,,https://www.gov.cn/home/2014-02/18/content_5046260.htm
国务院,中国政府网微博、微信,https://www.gov.cn/home/2014-02/18/content_5046260.htm
国务院,微信,https://www.gov.cn/home/2014-02/18/content_5046260.htm
